﻿{"cameraMode":{"drawMode":0,"name":"Shaded","section":"Shading Mode"},"sceneLighting":false,"audioPlay":false,"sceneViewState":{"m_AlwaysRefresh":false,"showFog":false,"showSkybox":false,"showFlares":false,"showImageEffects":false,"showParticleSystems":false,"showVisualEffectGraphs":true,"m_FxEnabled":true},"in2DMode":false,"pivot":{"x":-0.23637332022190095,"y":0.9777547121047974,"z":1.1360281705856324},"rotation":{"x":0.0035352183040231468,"y":-0.9963483214378357,"z":-0.06765621900558472,"w":-0.05205881968140602},"size":1.6500822305679322,"orthographic":false}