﻿{"cameraMode":{"drawMode":0,"name":"Shaded","section":"Shading Mode"},"sceneLighting":false,"audioPlay":false,"sceneViewState":{"m_AlwaysRefresh":false,"showFog":true,"showSkybox":false,"showFlares":true,"showImageEffects":true,"showParticleSystems":true,"showVisualEffectGraphs":true,"m_FxEnabled":true},"in2DMode":false,"pivot":{"x":1.4901161193847657e-8,"y":0.6360735297203064,"z":0.17419001460075379},"rotation":{"x":0.006811244413256645,"y":-0.823243260383606,"z":0.009879331104457379,"w":0.5675698518753052},"size":1.085973858833313,"orthographic":false}