﻿{"cameraMode":{"drawMode":0,"name":"Shaded","section":"Shading Mode"},"sceneLighting":true,"audioPlay":false,"sceneViewState":{"m_AlwaysRefresh":false,"showFog":true,"showSkybox":true,"showFlares":true,"showImageEffects":true,"showParticleSystems":true,"showVisualEffectGraphs":true,"m_FxEnabled":true},"in2DMode":false,"pivot":{"x":57.49283981323242,"y":46.672584533691409,"z":-16.286067962646486},"rotation":{"x":0.06855213642120362,"y":-0.7143228650093079,"z":0.07039956748485565,"w":0.6931734681129456},"size":50.48556900024414,"orthographic":true}