﻿{"cameraMode":{"drawMode":0,"name":"Shaded","section":"Shading Mode"},"sceneLighting":false,"audioPlay":false,"sceneViewState":{"m_AlwaysRefresh":false,"showFog":false,"showSkybox":false,"showFlares":false,"showImageEffects":false,"showParticleSystems":false,"showVisualEffectGraphs":true,"m_FxEnabled":true},"in2DMode":false,"pivot":{"x":-0.0005574310198426247,"y":0.009515304118394852,"z":0.0075399246998131279},"rotation":{"x":0.0,"y":-0.7071068286895752,"z":0.0,"w":0.7071068286895752},"size":0.016428029164671899,"orthographic":false}