﻿{"cameraMode":{"drawMode":0,"name":"Shaded","section":"Shading Mode"},"sceneLighting":false,"audioPlay":false,"sceneViewState":{"m_AlwaysRefresh":false,"showFog":true,"showSkybox":false,"showFlares":true,"showImageEffects":true,"showParticleSystems":true,"showVisualEffectGraphs":true,"m_FxEnabled":true},"in2DMode":false,"pivot":{"x":51.77687454223633,"y":30.285808563232423,"z":13.287538528442383},"rotation":{"x":0.14014366269111634,"y":-0.6491393446922302,"z":0.12336169183254242,"w":0.7374402284622192},"size":14.041196823120118,"orthographic":false}